gender,last_name,first_name,initials,date_of_birth,locality,postal_code,house_number,house_number_addition,street_name
x,Groen,River,R.V.,31-07-1992,Zaandam,1234AB,10,,Stationsstraat
,Bos,Noor,N.O.,18-04-1992,Zwolle,1234AB,10,,Stationsstraat
female,Brons,Amber,A.M.,11-07-1994,Heerenveen,1234AB,10,,Stationsstraat
female,Dijkstra,Eva,E.A.,15-05-1990,Emmen,1234AB,10,,Stationsstraat
male,Tanaka,Kenji,K.T.,02-02-1990,Arnhem,1234AB,10,,Stationsstraat
male,Smit,John,E.K.,01-01-1987,Amsterdam,1234AB,10,,Stationsstraat
male,Nakamura,Daichi,D.N.,16-02-1978,Venlo,1234AB,10,,Stationsstraat
male,Van Loon,Daan,D.A.,26-04-1991,Tilburg,1234AB,10,,Stationsstraat
male,Benali,Youssef,Y.B.,14-12-1976,Zwolle,1234AB,10,,Stationsstraat
female,Smeets,Julia,J.A.,13-12-1985,Venray,1234AB,10,,Stationsstraat
male,Yilmaz,Emre,E.Y.,05-02-1985,Amersfoort,1234AB,10,,Stationsstraat
male,Timmerman,Jeroen,J.R.,08-01-1983,Alkmaar,1234AB,10,,Stationsstraat
female,Abdul Rahman,Nadia,N.A.,06-06-1995,Hilversum,1234AB,10,,Stationsstraat
female,Brands,Lisa,L.I.,18-10-1989,Weert,1234AB,10,,Stationsstraat
male,Patel,Raj,R.P.,11-04-1980,Enschede,1234AB,10,,Stationsstraat
female,Khan,Aisha,A.K.,12-09-1996,Hoorn,1234AB,10,,Stationsstraat
x,De Vries,Chris,C.D.,30-09-1990,Utrecht,1234AB,10,,Stationsstraat
female,Meulens,Roos,R.O.,12-02-1995,Deventer,1234AB,10,,Stationsstraat
female,Terpstra,Mara,M.R.,03-04-1981,Sneek,1234AB,10,,Stationsstraat
male,De Bruijn,Nick,N.K.,05-07-1988,Hengelo,1234AB,10,,Stationsstraat
female,Van der Meer,Ilse,I.S.,24-11-1986,Leeuwarden,1234AB,10,,Stationsstraat
female,Reinders,Nina,N.N.,07-03-1987,Harderwijk,1234AB,10,,Stationsstraat
female,Boutaleb,Sara,S.B.,04-08-1993,Amstelveen,1234AB,10,,Stationsstraat
male,Santoso,Adi,A.S.,03-05-1982,Nijmegen,1234AB,10,,Stationsstraat
female,Sharma,Anika,A.S.,27-01-1986,Assen,1234AB,10,,Stationsstraat
female,El Amrani,Leila,L.A.,19-08-1991,Breda,1234AB,10,,Stationsstraat
male,Noordhoek,Kevin,K.E.,21-08-1984,Hoorn,1234AB,10,,Stationsstraat
male,Waterman,Oscar,O.S.,25-05-1991,Helmond,1234AB,10,,Stationsstraat
female,Klaassen,Fiona,F.G.,12-12-1988,Den Haag,1234AB,10,,Stationsstraat
x,De Pater,Charlie,C.H.,16-10-1986,Zeist,1234AB,10,,Stationsstraat
x,Tran,Quinn,Q.T.,30-10-1991,Maastricht,1234AB,10,,Stationsstraat
female,Oldenhof,Tess,T.E.,09-09-1997,Meppel,1234AB,10,,Stationsstraat
x,Li,Jun,J.L.,23-10-1993,Almere,1234AB,10,,Stationsstraat
female,Jansen,Anna,A.B.,15-05-1975,Rotterdam,1234AB,10,,Stationsstraat
male,Liu,Wei,W.L.,07-11-1984,Apeldoorn,1234AB,10,,Stationsstraat
female,Visser,Linda,L.M.,02-11-1995,Leiden,1234AB,10,,Stationsstraat
x,Overbeek,Casey,C.Y.,14-01-1990,Ede,1234AB,10,,Stationsstraat
x,Verbeek,Jamie,J.M.,29-03-1993,Zoetermeer,1234AB,10,,Stationsstraat
male,Demir,Can,C.D.,19-12-1988,Leeuwarden,1234AB,10,,Stationsstraat
male,Koopman,Peter,P.E.,10-03-1977,Zwolle,1234AB,10,,Stationsstraat
female,Chen,Mei,M.C.,28-01-1994,Delft,1234AB,10,,Stationsstraat
x,Zhang,Alex,A.Z.,22-04-1992,Middelburg,1234AB,10,,Stationsstraat
x,Park,Ji-Min,J.P.,17-03-1989,s-Hertogenbosch,1234AB,10,,Stationsstraat
male,Stam,Lucas,L.U.,20-12-1992,Barneveld,1234AB,10,,Stationsstraat
female,Nguyen,Linh,L.N.,09-06-1987,Haarlem,1234AB,10,,Stationsstraat
male,Bakker,Kevin,J.K.,07-07-1982,Groningen,1234AB,10,,Stationsstraat
male,Meijer,Hugo,H.I.,22-03-1979,Eindhoven,1234AB,10,,Stationsstraat
female,Kaya,Selin,S.K.,21-07-1983,Heerlen,1234AB,10,,Stationsstraat
male,Boerma,Thijs,T.H.,17-06-1979,Hoogeveen,1234AB,10,,Stationsstraat
male,Schipper,Milan,M.L.,02-09-1994,Gouda,1234AB,10,,Stationsstraat
female,Van Dam,Sophie,S.D.,12-01-1991,Rotterdam,1234AB,12,,Stationsstraat
male,Alvarez,Marco,M.A.,05-06-1986,Amersfoort,1234AB,7,,Stationsstraat
x,Kaplan,Riley,R.K.,19-03-1990,Leiden,1234AB,18,,Stationsstraat
female,Vis,Emma,E.V.,27-08-1993,Alkmaar,1234AB,3,,Stationsstraat
male,De Groot,Bram,B.G.,14-02-1982,Utrecht,1234AB,25,,Stationsstraat
female,Huizinga,Naomi,N.H.,09-11-1988,Groningen,1234AB,9,,Stationsstraat
male,Okoro,Chinedu,C.O.,21-04-1979,Haarlem,1234AB,30,,Stationsstraat
female,Peters,Lotte,L.P.,03-12-1995,Zwolle,1234AB,6,,Stationsstraat
male,Van Dijk,Sem,S.V.,17-07-1984,Enschede,1234AB,14,,Stationsstraat
female,Ali,Fatima,F.A.,26-05-1992,Eindhoven,1234AB,11,,Stationsstraat
x,Ng,Jamie,J.N.,08-09-1987,Den Haag,1234AB,21,,Stationsstraat
male,Kovac,Marko,M.K.,02-10-1983,Breda,1234AB,4,,Stationsstraat
female,Vermeer,Isabel,I.V.,29-01-1996,Amstelveen,1234AB,16,,Stationsstraat
male,Smith,Oliver,O.S.,13-03-1978,Maastricht,1234AB,5,,Stationsstraat
female,De Jong,Elise,E.D.,06-06-1989,Apeldoorn,1234AB,8,,Stationsstraat
male,Hassan,Omar,O.H.,24-12-1990,Nijmegen,1234AB,19,,Stationsstraat
female,Kuipers,Sara,S.K.,15-02-1985,Venlo,1234AB,22,,Stationsstraat
x,Pereira,Alex,A.P.,01-07-1994,Arnhem,1234AB,13,,Stationsstraat
male,Jonker,Tom,T.J.,28-04-1981,Leeuwarden,1234AB,2,,Stationsstraat
female,Schouten,Noa,N.S.,30-03-1997,Hoorn,1234AB,17,,Stationsstraat
male,Visser,Willem,W.V.,18-10-1976,Deventer,1234AB,27,,Stationsstraat
female,Meijer,Kim,K.M.,11-09-1991,Gouda,1234AB,15,,Stationsstraat
x,Rossi,Sam,S.R.,04-05-1986,Assen,1234AB,24,,Stationsstraat
male,Van Beek,Arjan,A.V.,22-02-1980,Helmond,1234AB,31,,Stationsstraat
female,Singh,Priya,P.S.,07-01-1993,Delft,1234AB,20,,Stationsstraat
male,De Wit,Julian,J.W.,16-06-1988,Barneveld,1234AB,23,,Stationsstraat
female,Bakker,Ellen,E.B.,25-11-1984,Hoogeveen,1234AB,26,,Stationsstraat
male,Brown,Noah,N.B.,09-04-1992,Meppel,1234AB,28,,Stationsstraat
female,Van der Veen,Inge,I.V.,02-08-1977,Hilversum,1234AB,29,,Stationsstraat
x,Lee,Jordan,J.L.,10-12-1995,Ede,1234AB,32,,Stationsstraat
